,date,ML,Low,High
AC,2020-03-17,2.0,0.34,6.43
AC,2020-03-18,1.8800000000000001,0.38,5.01
AC,2020-03-19,2.17,0.51,4.99
AC,2020-03-20,1.96,0.5,4.24
AC,2020-03-21,2.08,0.58,4.09
AC,2020-03-22,1.8900000000000001,0.54,3.62
AC,2020-03-23,1.77,0.55,3.36
AC,2020-03-24,1.5,0.01,2.99
AC,2020-03-25,1.23,0.0,2.69
AC,2020-03-26,1.0,0.0,2.49
AC,2020-03-27,1.22,0.0,2.64
AC,2020-03-28,1.0,0.0,2.45
AC,2020-03-29,1.21,0.01,2.61
AC,2020-03-30,1.2,0.0,2.5500000000000003
AC,2020-03-31,1.0,0.0,2.38
AC,2020-04-01,1.0,0.0,2.38
AC,2020-04-02,1.0,0.0,2.38
AC,2020-04-03,0.6,0.0,2.13
AC,2020-04-04,0.56,0.0,2.18
AC,2020-04-05,0.5,0.0,2.23
AC,2020-04-06,0.43,0.0,2.3000000000000003
AC,2020-04-07,1.0,0.0,2.75
AC,2020-04-08,1.57,0.01,3.15
AC,2020-04-09,1.73,0.11,3.2600000000000002
AC,2020-04-10,1.8,0.22,3.2600000000000002
AC,2020-04-11,1.82,0.34,3.2
AC,2020-04-12,1.68,0.29,2.92
AC,2020-04-13,1.69,0.43,2.91
AC,2020-04-14,1.59,0.42,2.73
AC,2020-04-15,1.51,0.4,2.57
AC,2020-04-16,1.52,0.49,2.5500000000000003
AC,2020-04-17,1.53,0.55,2.49
AC,2020-04-18,1.46,0.53,2.36
AC,2020-04-19,1.47,0.58,2.31
AC,2020-04-20,1.37,0.53,2.18
AC,2020-04-21,1.3,0.49,2.08
AC,2020-04-22,1.24,0.45,1.99
AC,2020-04-23,1.1500000000000001,0.4,1.9100000000000001
AC,2020-04-24,1.1500000000000001,0.39,1.87
AC,2020-04-25,1.1400000000000001,0.42,1.8800000000000001
AC,2020-04-26,1.1400000000000001,0.43,1.87
AC,2020-04-27,1.26,0.5700000000000001,1.97
AC,2020-04-28,1.36,0.7000000000000001,2.04
AC,2020-04-29,1.41,0.78,2.05
AC,2020-04-30,1.47,0.87,2.07
AL,2020-03-17,2.0,0.34,6.43
AL,2020-03-18,1.8800000000000001,0.38,5.01
AL,2020-03-19,1.8,0.38,4.45
AL,2020-03-20,1.74,0.4,4.13
AL,2020-03-21,1.69,0.37,3.85
AL,2020-03-22,1.6400000000000001,0.4,3.7
AL,2020-03-23,1.61,0.41000000000000003,3.56
AL,2020-03-24,1.0,0.0,3.35
AL,2020-03-25,1.0,0.0,3.35
AL,2020-03-26,1.0,0.0,3.35
AL,2020-03-27,1.0,0.0,3.35
AL,2020-03-28,1.0,0.0,3.35
AL,2020-03-29,1.0,0.0,3.35
AL,2020-03-30,1.0,0.0,3.35
AL,2020-03-31,1.0,0.0,3.35
AL,2020-04-01,1.0,0.0,3.35
AL,2020-04-02,1.0,0.0,3.35
AL,2020-04-03,1.53,0.0,3.66
AL,2020-04-04,1.8900000000000001,0.01,3.7800000000000002
AL,2020-04-05,1.73,0.01,3.47
AL,2020-04-06,1.62,0.0,3.23
AL,2020-04-07,1.53,0.0,3.0500000000000003
AL,2020-04-08,1.47,0.01,2.92
AL,2020-04-09,1.42,0.0,2.79
AL,2020-04-10,1.3800000000000001,0.01,2.7
AL,2020-04-11,1.35,0.03,2.64
AL,2020-04-12,1.47,0.11,2.75
AL,2020-04-13,1.68,0.29,2.92
AL,2020-04-14,1.79,0.5,2.97
AL,2020-04-15,1.83,0.68,2.94
AL,2020-04-16,1.8900000000000001,0.85,2.88
AL,2020-04-17,1.78,0.84,2.68
AL,2020-04-18,1.75,0.9,2.58
AL,2020-04-19,1.71,0.9400000000000001,2.48
AL,2020-04-20,1.76,1.07,2.47
AL,2020-04-21,1.82,1.19,2.45
AL,2020-04-22,1.8900000000000001,1.33,2.46
AL,2020-04-23,1.86,1.35,2.36
AL,2020-04-24,1.82,1.37,2.29
AL,2020-04-25,1.74,1.33,2.17
AL,2020-04-26,1.72,1.33,2.09
AL,2020-04-27,1.62,1.28,1.99
AL,2020-04-28,1.55,1.22,1.8800000000000001
AL,2020-04-29,1.46,1.1500000000000001,1.77
AL,2020-04-30,1.3800000000000001,1.09,1.69
AM,2020-03-13,2.0,0.34,6.43
AM,2020-03-18,2.35,0.48,5.72
AM,2020-03-19,2.43,0.64,4.98
AM,2020-03-20,2.64,0.87,4.67
AM,2020-03-21,2.35,0.85,3.98
AM,2020-03-22,2.29,0.96,3.69
AM,2020-03-23,2.19,1.01,3.39
AM,2020-03-24,2.0100000000000002,0.8,3.14
AM,2020-03-25,1.87,0.8,2.9
AM,2020-03-26,1.78,0.81,2.72
AM,2020-03-27,1.7,0.8200000000000001,2.57
AM,2020-03-28,1.6400000000000001,0.8300000000000001,2.45
AM,2020-03-29,1.55,0.8,2.31
AM,2020-03-30,1.45,0.74,2.17
AM,2020-03-31,1.41,0.74,2.1
AM,2020-04-01,1.3900000000000001,0.75,2.04
AM,2020-04-02,1.5,0.89,2.1
AM,2020-04-03,1.67,1.1,2.21
AM,2020-04-04,1.81,1.32,2.33
AM,2020-04-05,1.93,1.49,2.39
AM,2020-04-06,1.9100000000000001,1.51,2.31
AM,2020-04-07,1.82,1.45,2.17
AM,2020-04-08,1.6600000000000001,1.33,2.0
AM,2020-04-09,1.5,1.2,1.83
AM,2020-04-10,1.33,1.03,1.6300000000000001
AM,2020-04-11,1.24,0.9500000000000001,1.53
AM,2020-04-12,1.1300000000000001,0.84,1.41
AM,2020-04-13,1.09,0.8200000000000001,1.3900000000000001
AM,2020-04-14,1.07,0.78,1.34
AM,2020-04-15,1.06,0.79,1.35
AM,2020-04-16,1.05,0.78,1.34
AM,2020-04-17,1.07,0.8,1.35
AM,2020-04-18,1.03,0.76,1.31
AM,2020-04-19,1.06,0.79,1.33
AM,2020-04-20,1.1300000000000001,0.87,1.41
AM,2020-04-21,1.27,1.02,1.54
AM,2020-04-22,1.47,1.23,1.72
AM,2020-04-23,1.57,1.35,1.81
AM,2020-04-24,1.55,1.34,1.77
AM,2020-04-25,1.51,1.31,1.71
AM,2020-04-26,1.43,1.24,1.62
AM,2020-04-27,1.35,1.17,1.53
AM,2020-04-28,1.3,1.1300000000000001,1.48
AM,2020-04-29,1.23,1.07,1.41
AM,2020-04-30,1.22,1.06,1.3900000000000001
AP,2020-03-26,2.0,0.34,6.43
AP,2020-03-27,1.8800000000000001,0.38,5.01
AP,2020-03-28,1.8,0.38,4.45
AP,2020-03-29,2.05,0.5,4.54
AP,2020-03-30,1.8900000000000001,0.47000000000000003,3.98
AP,2020-03-31,1.78,0.48,3.67
AP,2020-04-01,1.8900000000000001,0.54,3.62
AP,2020-04-02,1.8900000000000001,0.09,3.52
AP,2020-04-03,1.95,0.25,3.52
AP,2020-04-04,1.93,0.36,3.39
AP,2020-04-05,2.15,0.73,3.49
AP,2020-04-06,2.27,1.07,3.45
AP,2020-04-07,2.37,1.35,3.35
AP,2020-04-08,2.21,1.35,3.0700000000000003
AP,2020-04-09,2.11,1.37,2.87
AP,2020-04-10,1.87,1.2,2.54
AP,2020-04-11,1.76,1.16,2.38
AP,2020-04-12,1.54,0.97,2.11
AP,2020-04-13,1.42,0.87,1.95
AP,2020-04-14,1.24,0.71,1.76
AP,2020-04-15,1.11,0.6,1.6400000000000001
AP,2020-04-16,0.93,0.39,1.43
AP,2020-04-17,0.86,0.33,1.3900000000000001
AP,2020-04-18,0.74,0.21,1.29
AP,2020-04-19,0.74,0.19,1.3
AP,2020-04-20,0.79,0.21,1.35
AP,2020-04-21,1.02,0.44,1.6
AP,2020-04-22,1.23,0.67,1.8
AP,2020-04-23,1.56,1.04,2.1
AP,2020-04-24,1.6600000000000001,1.17,2.14
AP,2020-04-25,1.68,1.23,2.12
AP,2020-04-26,1.6300000000000001,1.23,2.06
AP,2020-04-27,1.49,1.12,1.9000000000000001
AP,2020-04-28,1.36,0.99,1.73
AP,2020-04-29,1.28,0.93,1.6500000000000001
AP,2020-04-30,1.1300000000000001,0.79,1.5
BA,2020-03-10,2.0,0.34,6.43
BA,2020-03-11,1.8800000000000001,0.38,5.01
BA,2020-03-12,1.8,0.38,4.45
BA,2020-03-13,2.05,0.5,4.54
BA,2020-03-15,2.17,0.61,4.33
BA,2020-03-16,2.16,0.68,4.01
BA,2020-03-17,2.1,0.72,3.69
BA,2020-03-18,1.85,0.23,3.34
BA,2020-03-19,1.85,0.33,3.24
BA,2020-03-20,1.83,0.44,3.13
BA,2020-03-21,1.69,0.43,2.91
BA,2020-03-22,1.59,0.42,2.73
BA,2020-03-23,1.59,0.48,2.65
BA,2020-03-24,1.58,0.54,2.57
BA,2020-03-25,1.51,0.54,2.45
BA,2020-03-26,1.45,0.54,2.35
BA,2020-03-27,1.41,0.54,2.2600000000000002
BA,2020-03-28,1.46,0.63,2.2600000000000002
BA,2020-03-29,1.49,0.72,2.2600000000000002
BA,2020-03-30,1.5,0.76,2.2
BA,2020-03-31,1.44,0.77,2.14
BA,2020-04-01,1.45,0.81,2.1
BA,2020-04-02,1.46,0.85,2.07
BA,2020-04-03,1.45,0.87,2.02
BA,2020-04-04,1.41,0.87,1.97
BA,2020-04-05,1.37,0.86,1.9100000000000001
BA,2020-04-06,1.31,0.81,1.82
BA,2020-04-07,1.27,0.77,1.74
BA,2020-04-08,1.22,0.76,1.71
BA,2020-04-09,1.1400000000000001,0.68,1.61
BA,2020-04-10,1.1,0.64,1.56
BA,2020-04-11,1.05,0.59,1.5
BA,2020-04-12,1.07,0.63,1.54
BA,2020-04-13,1.1400000000000001,0.7000000000000001,1.59
BA,2020-04-14,1.26,0.8300000000000001,1.69
BA,2020-04-15,1.41,1.01,1.83
BA,2020-04-16,1.48,1.09,1.86
BA,2020-04-17,1.49,1.1300000000000001,1.86
BA,2020-04-18,1.47,1.1400000000000001,1.83
BA,2020-04-19,1.43,1.11,1.76
BA,2020-04-20,1.41,1.11,1.73
BA,2020-04-21,1.3800000000000001,1.09,1.68
BA,2020-04-22,1.32,1.05,1.62
BA,2020-04-23,1.3,1.03,1.58
BA,2020-04-24,1.23,0.97,1.5
BA,2020-04-25,1.19,0.9400000000000001,1.46
BA,2020-04-26,1.1500000000000001,0.9,1.41
BA,2020-04-27,1.11,0.86,1.36
BA,2020-04-28,1.08,0.84,1.34
BA,2020-04-29,1.06,0.81,1.3
BA,2020-04-30,1.04,0.8,1.29
CE,2020-03-16,2.0,0.34,6.43
CE,2020-03-17,3.43,1.24,5.73
CE,2020-03-18,2.71,1.21,4.25
CE,2020-03-19,2.67,1.47,3.84
CE,2020-03-20,2.42,1.48,3.39
CE,2020-03-21,2.22,1.44,3.04
CE,2020-03-22,1.98,1.28,2.66
CE,2020-03-23,1.79,1.1400000000000001,2.42
CE,2020-03-24,1.52,0.92,2.12
CE,2020-03-25,1.42,0.85,1.99
CE,2020-03-26,1.28,0.73,1.83
CE,2020-03-27,1.21,0.67,1.74
CE,2020-03-28,1.11,0.59,1.6500000000000001
CE,2020-03-29,1.05,0.53,1.58
CE,2020-03-30,1.12,0.62,1.6600000000000001
CE,2020-03-31,1.28,0.79,1.79
CE,2020-04-01,1.44,0.98,1.93
CE,2020-04-02,1.67,1.24,2.11
CE,2020-04-03,1.74,1.34,2.13
CE,2020-04-04,1.77,1.41,2.13
CE,2020-04-05,1.76,1.44,2.1
CE,2020-04-06,1.62,1.32,1.93
CE,2020-04-07,1.49,1.21,1.78
CE,2020-04-08,1.35,1.09,1.6400000000000001
CE,2020-04-09,1.16,0.9,1.44
CE,2020-04-10,1.07,0.8,1.33
CE,2020-04-11,0.99,0.72,1.25
CE,2020-04-12,0.96,0.71,1.25
CE,2020-04-13,1.03,0.76,1.29
CE,2020-04-14,1.1300000000000001,0.87,1.3900000000000001
CE,2020-04-15,1.27,1.02,1.53
CE,2020-04-16,1.41,1.17,1.6500000000000001
CE,2020-04-17,1.43,1.21,1.67
CE,2020-04-18,1.41,1.19,1.62
CE,2020-04-19,1.3800000000000001,1.18,1.6
CE,2020-04-20,1.3800000000000001,1.19,1.59
CE,2020-04-21,1.37,1.18,1.56
CE,2020-04-22,1.4000000000000001,1.22,1.58
CE,2020-04-23,1.43,1.26,1.6
CE,2020-04-24,1.44,1.28,1.6
CE,2020-04-25,1.4000000000000001,1.25,1.56
CE,2020-04-26,1.33,1.19,1.49
CE,2020-04-27,1.22,1.08,1.37
CE,2020-04-28,1.1400000000000001,0.99,1.27
CE,2020-04-29,1.02,0.88,1.16
DF,2020-03-11,2.0,0.34,6.43
DF,2020-03-12,1.8800000000000001,0.38,5.01
DF,2020-03-13,2.17,0.51,4.99
DF,2020-03-14,2.64,0.79,4.99
DF,2020-03-15,2.63,0.97,4.49
DF,2020-03-16,2.7800000000000002,1.33,4.3
DF,2020-03-18,2.63,1.43,3.85
DF,2020-03-19,2.48,1.41,3.54
DF,2020-03-20,2.19,1.25,3.08
DF,2020-03-21,1.9100000000000001,1.08,2.71
DF,2020-03-22,1.71,0.97,2.47
DF,2020-03-23,1.51,0.79,2.19
DF,2020-03-24,1.36,0.6900000000000001,2.0300000000000002
DF,2020-03-25,1.25,0.61,1.9100000000000001
DF,2020-03-26,1.19,0.56,1.83
DF,2020-03-27,1.1300000000000001,0.51,1.76
DF,2020-03-28,1.1,0.48,1.71
DF,2020-03-29,1.1,0.5,1.72
DF,2020-03-30,1.1400000000000001,0.55,1.75
DF,2020-03-31,1.09,0.49,1.67
DF,2020-04-01,1.09,0.51,1.68
DF,2020-04-02,1.04,0.46,1.62
DF,2020-04-03,1.02,0.45,1.61
DF,2020-04-04,0.98,0.4,1.56
DF,2020-04-05,0.87,0.28,1.45
DF,2020-04-06,0.79,0.19,1.37
DF,2020-04-07,0.78,0.19,1.4000000000000001
DF,2020-04-08,0.77,0.16,1.3900000000000001
DF,2020-04-09,0.84,0.2,1.47
DF,2020-04-10,0.9400000000000001,0.28,1.58
DF,2020-04-11,1.03,0.38,1.69
DF,2020-04-12,1.16,0.52,1.81
DF,2020-04-13,1.21,0.59,1.85
DF,2020-04-14,1.25,0.64,1.86
DF,2020-04-15,1.26,0.66,1.84
DF,2020-04-16,1.28,0.71,1.85
DF,2020-04-17,1.24,0.7000000000000001,1.81
DF,2020-04-18,1.27,0.74,1.81
DF,2020-04-19,1.23,0.72,1.76
DF,2020-04-20,1.19,0.6900000000000001,1.71
DF,2020-04-21,1.1300000000000001,0.64,1.6400000000000001
DF,2020-04-22,1.05,0.55,1.54
DF,2020-04-23,1.0,0.5,1.49
DF,2020-04-24,1.06,0.58,1.57
DF,2020-04-25,1.11,0.62,1.59
DF,2020-04-26,1.22,0.76,1.71
DF,2020-04-27,1.37,0.92,1.82
DF,2020-04-28,1.45,1.01,1.86
DF,2020-04-29,1.51,1.11,1.9100000000000001
DF,2020-04-30,1.46,1.09,1.85
ES,2020-03-13,2.0,0.34,6.43
ES,2020-03-14,1.8800000000000001,0.38,5.01
ES,2020-03-15,1.8,0.38,4.45
ES,2020-03-16,2.05,0.5,4.54
ES,2020-03-17,1.8900000000000001,0.47000000000000003,3.98
ES,2020-03-18,2.0,0.56,3.9
ES,2020-03-19,1.84,0.55,3.5300000000000002
ES,2020-03-20,1.83,0.11,3.44
ES,2020-03-21,1.8900000000000001,0.2,3.38
ES,2020-03-22,1.73,0.23,3.15
ES,2020-03-23,1.47,0.11,2.75
ES,2020-03-24,1.42,0.13,2.66
ES,2020-03-25,1.26,0.03,2.38
ES,2020-03-26,1.36,0.15,2.5300000000000002
ES,2020-03-27,1.33,0.13,2.43
ES,2020-03-28,1.3,0.18,2.42
ES,2020-03-29,1.55,0.42,2.66
ES,2020-03-30,1.6300000000000001,0.54,2.64
ES,2020-03-31,1.67,0.6900000000000001,2.64
ES,2020-04-01,1.6300000000000001,0.6900000000000001,2.49
ES,2020-04-02,1.54,0.7000000000000001,2.39
ES,2020-04-03,1.48,0.68,2.27
ES,2020-04-04,1.3900000000000001,0.61,2.12
ES,2020-04-05,1.32,0.5700000000000001,2.02
ES,2020-04-06,1.33,0.64,2.04
ES,2020-04-07,1.36,0.7000000000000001,2.04
ES,2020-04-08,1.41,0.78,2.05
ES,2020-04-09,1.44,0.84,2.04
ES,2020-04-10,1.44,0.88,2.02
ES,2020-04-11,1.49,0.96,2.0300000000000002
ES,2020-04-12,1.61,1.12,2.11
ES,2020-04-13,1.8,1.36,2.2600000000000002
ES,2020-04-14,1.81,1.4000000000000001,2.21
ES,2020-04-15,1.8,1.43,2.16
ES,2020-04-16,1.68,1.34,2.0100000000000002
ES,2020-04-17,1.52,1.2,1.83
ES,2020-04-18,1.36,1.06,1.67
ES,2020-04-19,1.16,0.86,1.45
ES,2020-04-20,0.97,0.6900000000000001,1.29
ES,2020-04-21,0.93,0.63,1.23
ES,2020-04-22,0.8300000000000001,0.53,1.1400000000000001
ES,2020-04-23,0.86,0.54,1.16
ES,2020-04-24,0.97,0.67,1.3
ES,2020-04-25,1.11,0.81,1.43
ES,2020-04-26,1.36,1.07,1.6600000000000001
ES,2020-04-27,1.5,1.24,1.8
ES,2020-04-28,1.51,1.25,1.77
ES,2020-04-29,1.54,1.3,1.79
ES,2020-04-30,1.48,1.25,1.71
GO,2020-03-13,2.0,0.34,6.43
GO,2020-03-14,1.8800000000000001,0.38,5.01
GO,2020-03-15,2.17,0.51,4.99
GO,2020-03-16,1.96,0.5,4.24
GO,2020-03-17,1.83,0.46,3.79
GO,2020-03-18,1.73,0.46,3.52
GO,2020-03-19,1.6600000000000001,0.45,3.31
GO,2020-03-20,1.32,0.0,3.0300000000000002
GO,2020-03-21,1.3,0.0,2.94
GO,2020-03-22,1.28,0.0,2.87
GO,2020-03-23,1.26,0.0,2.81
GO,2020-03-24,1.47,0.01,2.92
GO,2020-03-25,1.62,0.11,3.0500000000000003
GO,2020-03-26,1.7,0.21,3.0700000000000003
GO,2020-03-27,1.59,0.19,2.86
GO,2020-03-28,1.3900000000000001,0.15,2.62
GO,2020-03-29,1.24,0.08,2.39
GO,2020-03-30,1.23,0.07,2.33
GO,2020-03-31,1.11,0.03,2.17
GO,2020-04-01,1.11,0.01,2.13
GO,2020-04-02,1.21,0.09,2.27
GO,2020-04-03,1.29,0.19,2.39
GO,2020-04-04,1.44,0.34,2.5300000000000002
GO,2020-04-05,1.54,0.47000000000000003,2.56
GO,2020-04-06,1.61,0.62,2.58
GO,2020-04-07,1.58,0.67,2.5
GO,2020-04-08,1.51,0.65,2.37
GO,2020-04-09,1.41,0.59,2.22
GO,2020-04-10,1.33,0.54,2.1
GO,2020-04-11,1.34,0.59,2.09
GO,2020-04-12,1.28,0.56,2.0100000000000002
GO,2020-04-13,1.23,0.54,1.95
GO,2020-04-14,1.25,0.55,1.9100000000000001
GO,2020-04-15,1.23,0.58,1.9100000000000001
GO,2020-04-16,1.19,0.53,1.82
GO,2020-04-17,1.16,0.53,1.8
GO,2020-04-18,1.05,0.43,1.69
GO,2020-04-19,1.0,0.36,1.61
GO,2020-04-20,0.9500000000000001,0.33,1.59
GO,2020-04-21,0.87,0.23,1.49
GO,2020-04-22,0.84,0.21,1.49
GO,2020-04-23,0.97,0.33,1.6400000000000001
GO,2020-04-24,1.17,0.51,1.8
GO,2020-04-25,1.36,0.75,1.99
GO,2020-04-26,1.49,0.92,2.09
GO,2020-04-27,1.57,1.04,2.13
GO,2020-04-28,1.56,1.06,2.07
GO,2020-04-29,1.55,1.07,2.0100000000000002
GO,2020-04-30,1.43,0.98,1.87
MA,2020-03-20,2.0,0.34,6.43
MA,2020-03-21,1.8,0.38,4.45
MA,2020-03-22,1.69,0.37,3.85
MA,2020-03-23,1.61,0.41000000000000003,3.56
MA,2020-03-24,1.55,0.38,3.29
MA,2020-03-25,1.5,0.39,3.13
MA,2020-03-26,1.46,0.39,2.99
MA,2020-03-27,1.28,0.0,2.87
MA,2020-03-28,1.73,0.11,3.2600000000000002
MA,2020-03-29,2.15,0.51,3.62
MA,2020-03-30,2.27,0.86,3.59
MA,2020-03-31,2.15,0.92,3.29
MA,2020-04-01,1.8900000000000001,0.81,2.93
MA,2020-04-02,1.79,0.8,2.72
MA,2020-04-03,1.71,0.8200000000000001,2.58
MA,2020-04-04,1.77,0.97,2.57
MA,2020-04-05,1.78,1.06,2.5100000000000002
MA,2020-04-06,1.74,1.07,2.39
MA,2020-04-07,1.7,1.09,2.3000000000000003
MA,2020-04-08,1.6500000000000001,1.1,2.22
MA,2020-04-09,1.54,1.01,2.05
MA,2020-04-10,1.46,0.98,1.97
MA,2020-04-11,1.43,0.9500000000000001,1.8800000000000001
MA,2020-04-12,1.4000000000000001,0.96,1.85
MA,2020-04-13,1.43,1.01,1.85
MA,2020-04-14,1.55,1.17,1.96
MA,2020-04-15,1.6500000000000001,1.3,2.0300000000000002
MA,2020-04-16,1.7,1.37,2.04
MA,2020-04-17,1.6500000000000001,1.34,1.95
MA,2020-04-18,1.54,1.24,1.81
MA,2020-04-19,1.44,1.17,1.71
MA,2020-04-20,1.36,1.1,1.62
MA,2020-04-21,1.25,1.0,1.5
MA,2020-04-22,1.17,0.92,1.41
MA,2020-04-23,1.11,0.88,1.37
MA,2020-04-24,1.06,0.8200000000000001,1.3
MA,2020-04-25,1.06,0.8200000000000001,1.3
MA,2020-04-26,1.12,0.89,1.36
MA,2020-04-27,1.22,0.99,1.45
MA,2020-04-28,1.31,1.09,1.53
MA,2020-04-29,1.37,1.16,1.58
MA,2020-04-30,1.3900000000000001,1.19,1.59
MG,2020-03-12,2.0,0.34,6.43
MG,2020-03-13,1.8800000000000001,0.38,5.01
MG,2020-03-14,2.17,0.51,4.99
MG,2020-03-16,2.64,0.79,4.99
MG,2020-03-17,2.4,0.77,4.2
MG,2020-03-18,2.38,0.9400000000000001,3.93
MG,2020-03-19,2.39,1.1300000000000001,3.73
MG,2020-03-20,2.5300000000000002,1.32,3.7
MG,2020-03-21,2.31,1.29,3.31
MG,2020-03-22,2.0300000000000002,1.1300000000000001,2.9
MG,2020-03-23,1.74,0.93,2.5500000000000003
MG,2020-03-24,1.59,0.8300000000000001,2.33
MG,2020-03-25,1.41,0.71,2.14
MG,2020-03-26,1.28,0.61,1.99
MG,2020-03-27,1.18,0.5,1.84
MG,2020-03-28,1.1400000000000001,0.49,1.81
MG,2020-03-29,1.1400000000000001,0.5,1.8
MG,2020-03-30,1.21,0.59,1.86
MG,2020-03-31,1.25,0.65,1.8800000000000001
MG,2020-04-01,1.33,0.74,1.92
MG,2020-04-02,1.4000000000000001,0.85,1.97
MG,2020-04-03,1.37,0.84,1.9100000000000001
MG,2020-04-04,1.32,0.81,1.84
MG,2020-04-05,1.28,0.78,1.77
MG,2020-04-06,1.22,0.74,1.71
MG,2020-04-07,1.19,0.71,1.6500000000000001
MG,2020-04-08,1.1500000000000001,0.7000000000000001,1.6300000000000001
MG,2020-04-09,1.1,0.65,1.57
MG,2020-04-10,1.07,0.62,1.53
MG,2020-04-11,1.05,0.6,1.5
MG,2020-04-12,1.01,0.5700000000000001,1.47
MG,2020-04-13,1.0,0.55,1.45
MG,2020-04-14,1.0,0.55,1.45
MG,2020-04-15,1.01,0.5700000000000001,1.47
MG,2020-04-16,1.06,0.62,1.51
MG,2020-04-17,1.1300000000000001,0.7000000000000001,1.58
MG,2020-04-18,1.12,0.68,1.54
MG,2020-04-19,1.1400000000000001,0.72,1.57
MG,2020-04-20,1.1,0.6900000000000001,1.53
MG,2020-04-21,1.09,0.68,1.51
MG,2020-04-22,1.09,0.68,1.5
MG,2020-04-23,1.07,0.67,1.48
MG,2020-04-24,1.07,0.68,1.49
MG,2020-04-25,1.09,0.71,1.51
MG,2020-04-26,1.11,0.73,1.52
MG,2020-04-27,1.16,0.79,1.56
MG,2020-04-28,1.17,0.79,1.54
MG,2020-04-29,1.18,0.8200000000000001,1.56
MG,2020-04-30,1.17,0.81,1.53
MS,2020-03-14,2.0,0.34,6.43
MS,2020-03-15,1.8800000000000001,0.38,5.01
MS,2020-03-16,1.8,0.38,4.45
MS,2020-03-17,2.05,0.5,4.54
MS,2020-03-18,1.8900000000000001,0.47000000000000003,3.98
MS,2020-03-19,1.78,0.48,3.67
MS,2020-03-20,1.8900000000000001,0.54,3.62
MS,2020-03-21,1.62,0.0,3.23
MS,2020-03-22,1.53,0.0,3.0500000000000003
MS,2020-03-23,1.24,0.0,2.75
MS,2020-03-24,1.0,0.0,2.54
MS,2020-03-25,1.0,0.0,2.54
MS,2020-03-26,1.0,0.0,2.54
MS,2020-03-27,1.0,0.0,2.54
MS,2020-03-28,1.23,0.0,2.69
MS,2020-03-29,1.22,0.0,2.64
MS,2020-03-30,1.59,0.11,2.99
MS,2020-03-31,1.51,0.12,2.85
MS,2020-04-01,1.31,0.04,2.54
MS,2020-04-02,1.29,0.06,2.5
MS,2020-04-03,1.0,0.01,2.19
MS,2020-04-04,1.0,0.01,2.19
MS,2020-04-05,1.0,0.01,2.19
MS,2020-04-06,1.0,0.01,2.19
MS,2020-04-07,1.1400000000000001,0.01,2.29
MS,2020-04-08,1.26,0.03,2.38
MS,2020-04-09,1.24,0.08,2.39
MS,2020-04-10,1.34,0.16,2.49
MS,2020-04-11,1.11,0.01,2.13
MS,2020-04-12,1.1,0.04,2.15
MS,2020-04-13,1.1,0.03,2.12
MS,2020-04-14,1.0,0.01,2.0100000000000002
MS,2020-04-15,1.2,0.12,2.27
MS,2020-04-16,1.36,0.25,2.44
MS,2020-04-17,1.33,0.25,2.36
MS,2020-04-18,1.3800000000000001,0.35000000000000003,2.41
MS,2020-04-19,1.21,0.22,2.17
MS,2020-04-20,1.07,0.13,1.99
MS,2020-04-21,1.07,0.13,1.98
MS,2020-04-22,1.0,0.07,1.87
MS,2020-04-23,1.0,0.07,1.87
MS,2020-04-24,1.1300000000000001,0.19,2.06
MS,2020-04-25,1.1300000000000001,0.2,2.05
MS,2020-04-26,1.12,0.21,2.04
MS,2020-04-27,1.12,0.22,2.0300000000000002
MS,2020-04-28,1.0,0.13,1.87
MS,2020-04-29,0.88,0.03,1.69
MS,2020-04-30,0.75,0.0,1.57
MT,2020-03-20,2.0,0.34,6.43
MT,2020-03-22,1.8,0.38,4.45
MT,2020-03-23,1.69,0.37,3.85
MT,2020-03-24,1.61,0.41000000000000003,3.56
MT,2020-03-25,1.55,0.38,3.29
MT,2020-03-26,1.6600000000000001,0.45,3.31
MT,2020-03-27,1.59,0.45,3.09
MT,2020-03-30,1.69,0.09,3.16
MT,2020-03-31,1.59,0.11,2.99
MT,2020-04-01,1.82,0.34,3.2
MT,2020-04-02,1.68,0.29,2.92
MT,2020-04-03,1.69,0.43,2.91
MT,2020-04-04,1.49,0.33,2.63
MT,2020-04-05,1.52,0.39,2.58
MT,2020-04-06,1.31,0.27,2.33
MT,2020-04-07,1.36,0.35000000000000003,2.36
MT,2020-04-08,1.2,0.22,2.13
MT,2020-04-09,1.19,0.25,2.13
MT,2020-04-10,1.06,0.14,1.94
MT,2020-04-11,1.0,0.1,1.86
MT,2020-04-12,0.87,0.04,1.72
MT,2020-04-13,0.87,0.03,1.72
MT,2020-04-14,0.8,0.0,1.6400000000000001
MT,2020-04-15,0.86,0.0,1.71
MT,2020-04-16,0.78,0.01,1.68
MT,2020-04-17,0.85,0.0,1.74
MT,2020-04-18,0.84,0.01,1.77
MT,2020-04-19,1.0,0.03,1.93
MT,2020-04-20,1.08,0.09,2.05
MT,2020-04-21,1.23,0.19,2.21
MT,2020-04-22,1.29,0.29,2.29
MT,2020-04-23,1.4000000000000001,0.42,2.37
MT,2020-04-24,1.31,0.37,2.24
MT,2020-04-25,1.28,0.38,2.19
MT,2020-04-26,1.16,0.29,2.04
MT,2020-04-27,1.1,0.24,1.95
MT,2020-04-28,1.05,0.19,1.87
MT,2020-04-29,1.05,0.18,1.85
MT,2020-04-30,1.1,0.26,1.94
PA,2020-03-19,2.0,0.34,6.43
PA,2020-03-20,1.8800000000000001,0.38,5.01
PA,2020-03-21,1.8,0.38,4.45
PA,2020-03-22,1.74,0.4,4.13
PA,2020-03-23,1.69,0.37,3.85
PA,2020-03-24,1.8900000000000001,0.47000000000000003,3.98
PA,2020-03-25,1.78,0.48,3.67
PA,2020-03-26,1.8,0.01,3.61
PA,2020-03-27,1.67,0.01,3.35
PA,2020-03-28,1.83,0.11,3.44
PA,2020-03-29,1.69,0.09,3.16
PA,2020-03-30,1.76,0.24,3.22
PA,2020-03-31,1.79,0.34,3.15
PA,2020-04-01,1.8900000000000001,0.54,3.15
PA,2020-04-02,1.82,0.62,3.0
PA,2020-04-03,1.84,0.75,2.91
PA,2020-04-04,1.82,0.8200000000000001,2.77
PA,2020-04-05,1.78,0.88,2.65
PA,2020-04-06,1.6500000000000001,0.8200000000000001,2.45
PA,2020-04-07,1.56,0.79,2.31
PA,2020-04-08,1.46,0.74,2.18
PA,2020-04-09,1.3800000000000001,0.6900000000000001,2.06
PA,2020-04-10,1.35,0.68,1.99
PA,2020-04-11,1.4000000000000001,0.77,2.02
PA,2020-04-12,1.56,0.99,2.16
PA,2020-04-13,1.7,1.17,2.24
PA,2020-04-14,1.72,1.24,2.22
PA,2020-04-15,1.6500000000000001,1.2,2.1
PA,2020-04-16,1.52,1.1,1.94
PA,2020-04-17,1.49,1.1,1.8900000000000001
PA,2020-04-18,1.45,1.08,1.83
PA,2020-04-19,1.46,1.11,1.82
PA,2020-04-20,1.45,1.12,1.79
PA,2020-04-21,1.5,1.19,1.82
PA,2020-04-22,1.53,1.25,1.84
PA,2020-04-23,1.6,1.34,1.8900000000000001
PA,2020-04-24,1.56,1.31,1.82
PA,2020-04-25,1.5,1.26,1.74
PA,2020-04-26,1.3900000000000001,1.17,1.6300000000000001
PA,2020-04-27,1.34,1.1300000000000001,1.57
PA,2020-04-28,1.26,1.04,1.46
PA,2020-04-29,1.25,1.05,1.46
PA,2020-04-30,1.22,1.03,1.43
PB,2020-03-23,2.0,0.34,6.43
PB,2020-03-24,1.8800000000000001,0.38,5.01
PB,2020-03-25,2.17,0.51,4.99
PB,2020-03-26,1.96,0.5,4.24
PB,2020-03-27,1.83,0.46,3.79
PB,2020-03-28,1.73,0.46,3.52
PB,2020-03-29,1.6600000000000001,0.45,3.31
PB,2020-03-30,1.62,0.0,3.23
PB,2020-03-31,1.53,0.0,3.0500000000000003
PB,2020-04-01,1.24,0.0,2.75
PB,2020-04-02,1.44,0.01,2.86
PB,2020-04-03,1.21,0.01,2.61
PB,2020-04-04,1.2,0.0,2.5500000000000003
PB,2020-04-05,1.19,0.0,2.5100000000000002
PB,2020-04-06,1.35,0.03,2.64
PB,2020-04-07,1.76,0.32,3.08
PB,2020-04-08,1.97,0.65,3.21
PB,2020-04-09,1.87,0.6900000000000001,3.0
PB,2020-04-10,1.86,0.79,2.87
PB,2020-04-11,1.76,0.78,2.67
PB,2020-04-12,1.6400000000000001,0.76,2.5100000000000002
PB,2020-04-13,1.55,0.72,2.35
PB,2020-04-14,1.41,0.63,2.18
PB,2020-04-15,1.3,0.55,2.04
PB,2020-04-16,1.21,0.48,1.93
PB,2020-04-17,1.17,0.46,1.8800000000000001
PB,2020-04-18,1.16,0.46,1.85
PB,2020-04-19,1.24,0.55,1.9000000000000001
PB,2020-04-20,1.26,0.6,1.9100000000000001
PB,2020-04-21,1.4000000000000001,0.77,2.02
PB,2020-04-22,1.47,0.89,2.07
PB,2020-04-23,1.54,0.99,2.09
PB,2020-04-24,1.58,1.06,2.08
PB,2020-04-25,1.57,1.08,2.0300000000000002
PB,2020-04-26,1.56,1.12,2.0100000000000002
PB,2020-04-27,1.57,1.16,1.99
PB,2020-04-28,1.52,1.1400000000000001,1.92
PB,2020-04-29,1.48,1.12,1.85
PB,2020-04-30,1.45,1.11,1.8
PE,2020-03-12,2.0,0.34,6.43
PE,2020-03-13,1.8,0.38,4.45
PE,2020-03-14,1.69,0.37,3.85
PE,2020-03-15,1.83,0.46,3.79
PE,2020-03-16,1.8900000000000001,0.54,3.62
PE,2020-03-17,1.73,0.51,3.24
PE,2020-03-18,1.6300000000000001,0.52,3.02
PE,2020-03-19,1.53,0.09,2.86
PE,2020-03-20,1.32,0.02,2.5500000000000003
PE,2020-03-21,1.3,0.05,2.52
PE,2020-03-22,1.1400000000000001,0.0,2.3000000000000003
PE,2020-03-23,0.86,0.0,2.07
PE,2020-03-24,0.85,0.0,2.09
PE,2020-03-25,1.0,0.0,2.22
PE,2020-03-26,1.0,0.0,2.22
PE,2020-03-27,1.29,0.06,2.5
PE,2020-03-28,1.3900000000000001,0.15,2.62
PE,2020-03-29,1.36,0.15,2.5300000000000002
PE,2020-03-30,1.53,0.33,2.71
PE,2020-03-31,1.56,0.41000000000000003,2.67
PE,2020-04-01,1.71,0.63,2.74
PE,2020-04-02,1.85,0.88,2.79
PE,2020-04-03,1.8900000000000001,1.03,2.74
PE,2020-04-04,2.07,1.33,2.83
PE,2020-04-05,2.1,1.43,2.73
PE,2020-04-06,2.2,1.6300000000000001,2.75
PE,2020-04-07,2.19,1.71,2.68
PE,2020-04-08,2.08,1.67,2.52
PE,2020-04-09,1.97,1.6,2.35
PE,2020-04-10,1.87,1.53,2.2
PE,2020-04-11,1.71,1.41,2.0300000000000002
PE,2020-04-12,1.62,1.34,1.9100000000000001
PE,2020-04-13,1.5,1.24,1.78
PE,2020-04-14,1.45,1.2,1.71
PE,2020-04-15,1.4000000000000001,1.16,1.6400000000000001
PE,2020-04-16,1.37,1.1400000000000001,1.6
PE,2020-04-17,1.33,1.1,1.54
PE,2020-04-18,1.3,1.09,1.52
PE,2020-04-19,1.27,1.06,1.47
PE,2020-04-20,1.27,1.07,1.47
PE,2020-04-21,1.25,1.06,1.45
PE,2020-04-22,1.29,1.11,1.49
PE,2020-04-23,1.3,1.12,1.48
PE,2020-04-24,1.32,1.1500000000000001,1.5
PE,2020-04-25,1.32,1.1500000000000001,1.48
PE,2020-04-26,1.3,1.1400000000000001,1.46
PE,2020-04-27,1.29,1.1400000000000001,1.45
PE,2020-04-28,1.27,1.12,1.42
PE,2020-04-29,1.23,1.08,1.37
PE,2020-04-30,1.22,1.07,1.35
PI,2020-03-19,2.0,0.34,6.43
PI,2020-03-20,1.8800000000000001,0.38,5.01
PI,2020-03-21,1.8,0.38,4.45
PI,2020-03-22,1.74,0.4,4.13
PI,2020-03-23,1.69,0.37,3.85
PI,2020-03-24,1.6400000000000001,0.4,3.7
PI,2020-03-25,1.61,0.41000000000000003,3.56
PI,2020-03-26,1.0,0.0,3.35
PI,2020-03-27,1.53,0.0,3.66
PI,2020-03-28,1.47,0.0,3.49
PI,2020-03-30,1.42,0.0,3.34
PI,2020-03-31,1.3800000000000001,0.0,3.22
PI,2020-04-01,1.35,0.0,3.12
PI,2020-04-02,1.32,0.0,3.0300000000000002
PI,2020-04-03,1.0,0.0,2.75
PI,2020-04-04,1.0,0.0,2.75
PI,2020-04-05,1.0,0.0,2.75
PI,2020-04-06,1.3,0.0,2.94
PI,2020-04-07,1.28,0.0,2.87
PI,2020-04-08,1.26,0.0,2.81
PI,2020-04-09,1.47,0.01,2.92
PI,2020-04-10,1.62,0.11,3.0500000000000003
PI,2020-04-11,1.53,0.09,2.86
PI,2020-04-12,1.76,0.32,3.08
PI,2020-04-13,1.75,0.44,3.02
PI,2020-04-14,1.92,0.7000000000000001,3.06
PI,2020-04-15,1.8900000000000001,0.81,2.93
PI,2020-04-16,1.79,0.8,2.72
PI,2020-04-17,1.76,0.87,2.62
PI,2020-04-18,1.6400000000000001,0.8300000000000001,2.45
PI,2020-04-19,1.48,0.7000000000000001,2.22
PI,2020-04-20,1.43,0.6900000000000001,2.13
PI,2020-04-21,1.35,0.66,2.04
PI,2020-04-22,1.35,0.6900000000000001,2.0100000000000002
PI,2020-04-23,1.3800000000000001,0.74,2.0
PI,2020-04-24,1.37,0.78,1.99
PI,2020-04-25,1.3800000000000001,0.81,1.96
PI,2020-04-26,1.42,0.88,1.97
PI,2020-04-27,1.45,0.9400000000000001,1.97
PI,2020-04-28,1.45,0.96,1.93
PI,2020-04-29,1.46,1.01,1.93
PI,2020-04-30,1.44,1.01,1.8800000000000001
PR,2020-03-12,2.0,0.34,6.43
PR,2020-03-13,2.35,0.48,5.72
PR,2020-03-16,2.43,0.64,4.98
PR,2020-03-17,2.35,0.72,4.39
PR,2020-03-18,2.23,0.75,3.92
PR,2020-03-19,2.2600000000000002,0.87,3.7
PR,2020-03-20,2.08,0.9,3.38
PR,2020-03-21,1.95,0.65,3.18
PR,2020-03-22,1.76,0.6,2.9
PR,2020-03-23,1.6400000000000001,0.55,2.67
PR,2020-03-24,1.62,0.59,2.56
PR,2020-03-25,1.53,0.6,2.45
PR,2020-03-26,1.42,0.53,2.2800000000000002
PR,2020-03-27,1.34,0.5,2.18
PR,2020-03-28,1.27,0.45,2.07
PR,2020-03-29,1.29,0.51,2.08
PR,2020-03-30,1.34,0.6,2.11
PR,2020-03-31,1.42,0.7000000000000001,2.13
PR,2020-04-01,1.6400000000000001,0.97,2.29
PR,2020-04-02,1.72,1.12,2.33
PR,2020-04-03,1.73,1.17,2.27
PR,2020-04-04,1.6500000000000001,1.1500000000000001,2.17
PR,2020-04-05,1.5,1.03,1.99
PR,2020-04-06,1.3800000000000001,0.92,1.83
PR,2020-04-07,1.26,0.81,1.69
PR,2020-04-08,1.1,0.66,1.53
PR,2020-04-09,1.02,0.6,1.47
PR,2020-04-10,0.9500000000000001,0.53,1.41
PR,2020-04-11,0.89,0.45,1.34
PR,2020-04-12,0.86,0.41000000000000003,1.31
PR,2020-04-13,0.81,0.35000000000000003,1.27
PR,2020-04-14,0.8,0.34,1.29
PR,2020-04-15,0.84,0.37,1.34
PR,2020-04-16,0.85,0.35000000000000003,1.33
PR,2020-04-17,0.92,0.41000000000000003,1.4000000000000001
PR,2020-04-18,0.97,0.48,1.48
PR,2020-04-19,1.02,0.53,1.53
PR,2020-04-20,1.02,0.53,1.53
PR,2020-04-21,0.98,0.5,1.5
PR,2020-04-22,0.92,0.43,1.44
PR,2020-04-23,0.85,0.34,1.36
PR,2020-04-24,0.76,0.22,1.26
PR,2020-04-25,0.8200000000000001,0.27,1.34
PR,2020-04-26,0.9400000000000001,0.41000000000000003,1.5
PR,2020-04-27,1.22,0.7000000000000001,1.76
PR,2020-04-28,1.41,0.92,1.93
PR,2020-04-29,1.53,1.06,2.0
PR,2020-04-30,1.55,1.11,1.99
RJ,2020-03-05,2.0,0.34,6.43
RJ,2020-03-06,2.05,0.5,4.54
RJ,2020-03-08,2.0,0.56,3.9
RJ,2020-03-12,2.2800000000000002,0.8200000000000001,3.85
RJ,2020-03-15,2.16,0.92,3.49
RJ,2020-03-16,2.3000000000000003,1.2,3.43
RJ,2020-03-18,2.43,1.5,3.37
RJ,2020-03-19,2.38,1.57,3.18
RJ,2020-03-21,2.3000000000000003,1.6300000000000001,3.0
RJ,2020-03-22,2.19,1.61,2.79
RJ,2020-03-23,1.95,1.44,2.49
RJ,2020-03-24,1.81,1.35,2.3000000000000003
RJ,2020-03-25,1.62,1.2,2.08
RJ,2020-03-26,1.44,1.04,1.87
RJ,2020-03-27,1.32,0.93,1.73
RJ,2020-03-28,1.17,0.79,1.57
RJ,2020-03-29,1.1,0.72,1.49
RJ,2020-03-30,1.1400000000000001,0.77,1.53
RJ,2020-03-31,1.19,0.8300000000000001,1.57
RJ,2020-04-01,1.32,0.97,1.68
RJ,2020-04-02,1.43,1.09,1.76
RJ,2020-04-03,1.44,1.1300000000000001,1.77
RJ,2020-04-04,1.47,1.18,1.78
RJ,2020-04-05,1.47,1.19,1.76
RJ,2020-04-06,1.47,1.21,1.75
RJ,2020-04-07,1.49,1.23,1.73
RJ,2020-04-08,1.43,1.2,1.68
RJ,2020-04-09,1.3800000000000001,1.16,1.62
RJ,2020-04-10,1.37,1.16,1.6
RJ,2020-04-11,1.31,1.1,1.52
RJ,2020-04-12,1.28,1.09,1.5
RJ,2020-04-13,1.23,1.03,1.42
RJ,2020-04-14,1.18,1.0,1.3900000000000001
RJ,2020-04-15,1.1500000000000001,0.97,1.35
RJ,2020-04-16,1.1,0.91,1.28
RJ,2020-04-17,1.03,0.84,1.21
RJ,2020-04-18,1.02,0.84,1.21
RJ,2020-04-19,0.99,0.8,1.17
RJ,2020-04-20,1.05,0.87,1.24
RJ,2020-04-21,1.06,0.88,1.25
RJ,2020-04-22,1.1300000000000001,0.9500000000000001,1.31
RJ,2020-04-23,1.19,1.01,1.36
RJ,2020-04-24,1.28,1.12,1.46
RJ,2020-04-25,1.33,1.17,1.5
RJ,2020-04-26,1.3800000000000001,1.22,1.53
RJ,2020-04-27,1.34,1.19,1.49
RJ,2020-04-28,1.33,1.19,1.48
RJ,2020-04-29,1.24,1.11,1.3900000000000001
RJ,2020-04-30,1.21,1.08,1.35
RN,2020-03-13,2.0,0.34,6.43
RN,2020-03-16,1.8800000000000001,0.38,5.01
RN,2020-03-18,2.17,0.51,4.99
RN,2020-03-20,1.96,0.5,4.24
RN,2020-03-21,1.83,0.46,3.79
RN,2020-03-22,1.94,0.55,3.75
RN,2020-03-24,1.8,0.55,3.44
RN,2020-03-25,2.22,0.43,3.85
RN,2020-03-26,2.41,0.84,3.85
RN,2020-03-27,2.2600000000000002,0.9400000000000001,3.5300000000000002
RN,2020-03-28,2.12,0.97,3.22
RN,2020-03-30,1.8800000000000001,0.86,2.88
RN,2020-03-31,1.83,0.91,2.73
RN,2020-04-01,1.9000000000000001,1.1,2.73
RN,2020-04-02,1.81,1.07,2.54
RN,2020-04-03,1.73,1.06,2.4
RN,2020-04-04,1.54,0.9,2.15
RN,2020-04-05,1.32,0.73,1.94
RN,2020-04-07,1.16,0.5700000000000001,1.75
RN,2020-04-08,1.0,0.42,1.6
RN,2020-04-10,0.93,0.33,1.51
RN,2020-04-11,0.91,0.3,1.49
RN,2020-04-12,0.88,0.29,1.5
RN,2020-04-13,0.9500000000000001,0.34,1.56
RN,2020-04-14,1.1400000000000001,0.55,1.76
RN,2020-04-15,1.32,0.73,1.8900000000000001
RN,2020-04-16,1.43,0.88,1.98
RN,2020-04-17,1.37,0.85,1.9000000000000001
RN,2020-04-18,1.27,0.78,1.8
RN,2020-04-19,1.19,0.7000000000000001,1.69
RN,2020-04-20,1.12,0.65,1.6300000000000001
RN,2020-04-21,1.08,0.6,1.57
RN,2020-04-22,1.07,0.6,1.56
RN,2020-04-23,1.01,0.55,1.51
RN,2020-04-24,0.96,0.48,1.44
RN,2020-04-25,1.1,0.63,1.58
RN,2020-04-26,1.27,0.8200000000000001,1.74
RN,2020-04-27,1.47,1.05,1.92
RN,2020-04-28,1.6300000000000001,1.24,2.04
RN,2020-04-29,1.6600000000000001,1.3,2.04
RO,2020-03-29,2.0,0.34,6.43
RO,2020-03-30,1.8800000000000001,0.38,5.01
RO,2020-03-31,1.8,0.38,4.45
RO,2020-04-01,1.74,0.4,4.13
RO,2020-04-02,1.69,0.37,3.85
RO,2020-04-03,1.6400000000000001,0.4,3.7
RO,2020-04-04,1.83,0.46,3.79
RO,2020-04-05,1.8900000000000001,0.01,3.7800000000000002
RO,2020-04-06,1.73,0.01,3.47
RO,2020-04-07,1.62,0.0,3.23
RO,2020-04-08,1.53,0.0,3.0500000000000003
RO,2020-04-09,1.69,0.09,3.16
RO,2020-04-10,1.76,0.24,3.22
RO,2020-04-11,1.79,0.34,3.15
RO,2020-04-12,1.8900000000000001,0.54,3.15
RO,2020-04-14,1.92,0.7000000000000001,3.06
RO,2020-04-15,1.8900000000000001,0.81,2.93
RO,2020-04-16,1.9100000000000001,0.9500000000000001,2.85
RO,2020-04-17,1.83,0.97,2.68
RO,2020-04-18,1.77,0.98,2.5300000000000002
RO,2020-04-19,1.71,1.0,2.42
RO,2020-04-20,1.57,0.91,2.23
RO,2020-04-21,1.5,0.88,2.12
RO,2020-04-23,1.45,0.84,2.0100000000000002
RO,2020-04-24,1.36,0.79,1.9100000000000001
RO,2020-04-25,1.26,0.72,1.81
RO,2020-04-26,1.17,0.65,1.72
RO,2020-04-27,1.09,0.56,1.61
RO,2020-04-28,1.05,0.54,1.59
RO,2020-04-29,1.07,0.56,1.6
RO,2020-04-30,1.09,0.58,1.61
RR,2020-03-21,2.0,0.34,6.43
RR,2020-03-22,1.8800000000000001,0.38,5.01
RR,2020-03-23,2.17,0.51,4.99
RR,2020-03-24,1.96,0.5,4.24
RR,2020-03-25,1.83,0.46,3.79
RR,2020-03-26,1.73,0.46,3.52
RR,2020-03-27,1.6600000000000001,0.45,3.31
RR,2020-03-28,1.32,0.0,3.0300000000000002
RR,2020-03-29,1.3,0.0,2.94
RR,2020-03-30,1.0,0.0,2.69
RR,2020-03-31,1.28,0.0,2.87
RR,2020-04-01,1.5,0.01,2.99
RR,2020-04-02,1.6500000000000001,0.09,3.09
RR,2020-04-03,1.56,0.08,2.9
RR,2020-04-04,1.33,0.03,2.6
RR,2020-04-05,1.16,0.0,2.38
RR,2020-04-06,1.3,0.05,2.52
RR,2020-04-07,1.28,0.06,2.47
RR,2020-04-08,1.26,0.03,2.38
RR,2020-04-09,1.24,0.08,2.39
RR,2020-04-10,1.44,0.2,2.57
RR,2020-04-11,1.59,0.42,2.73
RR,2020-04-12,1.74,0.65,2.8000000000000003
RR,2020-04-13,1.69,0.6900000000000001,2.67
RR,2020-04-14,1.75,0.85,2.66
RR,2020-04-15,1.72,0.88,2.5300000000000002
RR,2020-04-16,1.69,0.93,2.45
RR,2020-04-17,1.49,0.78,2.21
RR,2020-04-18,1.41,0.74,2.1
RR,2020-04-19,1.26,0.6,1.9100000000000001
RR,2020-04-20,1.1400000000000001,0.5,1.79
RR,2020-04-21,1.03,0.39,1.67
RR,2020-04-22,1.05,0.41000000000000003,1.68
RR,2020-04-23,1.03,0.4,1.67
RR,2020-04-24,1.1,0.49,1.75
RR,2020-04-25,1.08,0.45,1.69
RR,2020-04-26,1.05,0.42,1.6500000000000001
RR,2020-04-27,1.0,0.38,1.61
RR,2020-04-29,0.87,0.27,1.51
RS,2020-03-10,2.0,0.34,6.43
RS,2020-03-11,1.8800000000000001,0.38,5.01
RS,2020-03-12,2.17,0.51,4.99
RS,2020-03-13,2.64,0.79,4.99
RS,2020-03-16,2.63,0.97,4.49
RS,2020-03-18,2.63,1.18,4.14
RS,2020-03-19,2.37,1.17,3.64
RS,2020-03-20,2.3000000000000003,1.12,3.42
RS,2020-03-21,2.04,1.02,3.04
RS,2020-03-22,1.93,1.03,2.83
RS,2020-03-23,1.8,0.99,2.62
RS,2020-03-24,1.7,0.96,2.45
RS,2020-03-25,1.47,0.76,2.16
RS,2020-03-26,1.36,0.6900000000000001,2.0300000000000002
RS,2020-03-27,1.2,0.55,1.86
RS,2020-03-28,1.19,0.56,1.84
RS,2020-03-29,1.1,0.48,1.74
RS,2020-03-30,1.18,0.55,1.78
RS,2020-03-31,1.21,0.61,1.81
RS,2020-04-01,1.25,0.68,1.85
RS,2020-04-02,1.25,0.7000000000000001,1.83
RS,2020-04-03,1.26,0.71,1.8
RS,2020-04-04,1.22,0.6900000000000001,1.75
RS,2020-04-05,1.25,0.73,1.76
RS,2020-04-06,1.1500000000000001,0.65,1.6600000000000001
RS,2020-04-07,1.08,0.58,1.58
RS,2020-04-08,1.03,0.54,1.54
RS,2020-04-09,0.9,0.41000000000000003,1.42
RS,2020-04-10,0.8300000000000001,0.33,1.36
RS,2020-04-11,0.75,0.24,1.29
RS,2020-04-12,0.72,0.18,1.25
RS,2020-04-13,0.72,0.16,1.26
RS,2020-04-14,0.81,0.24,1.3900000000000001
RS,2020-04-15,0.91,0.32,1.49
RS,2020-04-16,1.07,0.48,1.6500000000000001
RS,2020-04-17,1.1500000000000001,0.58,1.73
RS,2020-04-18,1.17,0.62,1.75
RS,2020-04-19,1.12,0.5700000000000001,1.68
RS,2020-04-20,1.16,0.62,1.71
RS,2020-04-21,1.1300000000000001,0.6,1.67
RS,2020-04-22,1.23,0.72,1.76
RS,2020-04-23,1.33,0.84,1.84
RS,2020-04-24,1.37,0.89,1.84
RS,2020-04-25,1.44,0.99,1.8900000000000001
RS,2020-04-26,1.42,1.01,1.87
RS,2020-04-27,1.3900000000000001,1.0,1.82
RS,2020-04-28,1.3800000000000001,1.0,1.78
RS,2020-04-29,1.32,0.9500000000000001,1.7
RS,2020-04-30,1.29,0.9400000000000001,1.6600000000000001
SC,2020-03-12,2.0,0.34,6.43
SC,2020-03-13,1.8800000000000001,0.38,5.01
SC,2020-03-14,1.8,0.38,4.45
SC,2020-03-15,2.05,0.5,4.54
SC,2020-03-16,1.8900000000000001,0.47000000000000003,3.98
SC,2020-03-17,2.25,0.68,4.16
SC,2020-03-18,2.54,0.99,4.17
SC,2020-03-19,2.62,1.06,4.09
SC,2020-03-20,2.37,1.06,3.62
SC,2020-03-21,2.25,1.1500000000000001,3.34
SC,2020-03-22,1.95,0.97,2.91
SC,2020-03-23,1.87,0.99,2.73
SC,2020-03-24,1.6300000000000001,0.8300000000000001,2.44
SC,2020-03-25,1.47,0.72,2.24
SC,2020-03-26,1.32,0.5700000000000001,2.02
SC,2020-03-27,1.23,0.52,1.93
SC,2020-03-28,1.1,0.4,1.79
SC,2020-03-29,1.06,0.38,1.76
SC,2020-03-30,1.0,0.32,1.69
SC,2020-03-31,1.03,0.35000000000000003,1.72
SC,2020-04-01,1.09,0.42,1.78
SC,2020-04-02,1.21,0.54,1.87
SC,2020-04-03,1.3,0.66,1.94
SC,2020-04-04,1.3800000000000001,0.76,1.98
SC,2020-04-05,1.41,0.8300000000000001,1.99
SC,2020-04-06,1.6,1.07,2.15
SC,2020-04-07,1.67,1.18,2.17
SC,2020-04-08,1.6300000000000001,1.18,2.1
SC,2020-04-09,1.52,1.1,1.96
SC,2020-04-10,1.37,0.97,1.79
SC,2020-04-11,1.21,0.8200000000000001,1.62
SC,2020-04-12,1.08,0.6900000000000001,1.48
SC,2020-04-13,0.87,0.46,1.26
SC,2020-04-14,0.76,0.36,1.19
SC,2020-04-15,0.65,0.23,1.09
SC,2020-04-16,0.58,0.15,1.04
SC,2020-04-17,0.58,0.12,1.04
SC,2020-04-18,0.71,0.22,1.2
SC,2020-04-19,0.84,0.33,1.34
SC,2020-04-20,0.98,0.48,1.5
SC,2020-04-21,0.98,0.48,1.5
SC,2020-04-22,1.02,0.52,1.54
SC,2020-04-23,1.11,0.61,1.61
SC,2020-04-24,1.3,0.8200000000000001,1.79
SC,2020-04-25,1.84,1.41,2.2800000000000002
SC,2020-04-26,2.09,1.72,2.48
SC,2020-04-27,2.22,1.8900000000000001,2.54
SC,2020-04-28,2.14,1.86,2.43
SC,2020-04-29,1.99,1.74,2.24
SC,2020-04-30,1.82,1.59,2.04
SE,2020-03-14,2.0,0.34,6.43
SE,2020-03-16,1.8,0.38,4.45
SE,2020-03-18,1.69,0.37,3.85
SE,2020-03-20,1.61,0.41000000000000003,3.56
SE,2020-03-21,1.55,0.38,3.29
SE,2020-03-24,1.5,0.39,3.13
SE,2020-03-25,1.46,0.39,2.99
SE,2020-03-27,1.0,0.0,2.69
SE,2020-03-30,1.0,0.0,2.69
SE,2020-03-31,1.0,0.0,2.69
SE,2020-04-01,1.0,0.0,2.69
SE,2020-04-02,1.28,0.0,2.87
SE,2020-04-03,1.26,0.0,2.81
SE,2020-04-04,1.24,0.0,2.75
SE,2020-04-06,1.23,0.0,2.69
SE,2020-04-07,1.22,0.0,2.64
SE,2020-04-08,1.0,0.0,2.45
SE,2020-04-09,1.0,0.0,2.45
SE,2020-04-10,0.78,0.0,2.31
SE,2020-04-11,0.77,0.0,2.35
SE,2020-04-13,0.76,0.0,2.38
SE,2020-04-14,0.74,0.0,2.42
SE,2020-04-15,1.0,0.0,2.63
SE,2020-04-16,1.73,0.11,3.2600000000000002
SE,2020-04-17,1.98,0.38,3.48
SE,2020-04-18,2.19,0.73,3.5300000000000002
SE,2020-04-19,2.02,0.76,3.24
SE,2020-04-20,1.8900000000000001,0.76,2.98
SE,2020-04-21,1.8,0.76,2.77
SE,2020-04-22,1.55,0.58,2.45
SE,2020-04-23,1.3800000000000001,0.48,2.2600000000000002
SE,2020-04-24,1.35,0.5,2.21
SE,2020-04-25,1.45,0.63,2.25
SE,2020-04-26,1.6300000000000001,0.87,2.37
SE,2020-04-27,1.73,1.04,2.41
SE,2020-04-28,1.77,1.16,2.41
SP,2020-03-03,2.0,0.34,6.43
SP,2020-03-04,2.35,0.48,5.72
SP,2020-03-05,2.05,0.5,4.54
SP,2020-03-06,2.17,0.61,4.33
SP,2020-03-07,1.94,0.55,3.75
SP,2020-03-08,1.8,0.55,3.44
SP,2020-03-09,1.85,0.58,3.3200000000000003
SP,2020-03-10,2.15,0.51,3.62
SP,2020-03-11,2.73,1.37,3.96
SP,2020-03-12,2.73,1.67,3.7600000000000002
SP,2020-03-14,2.65,1.79,3.49
SP,2020-03-16,2.46,1.77,3.19
SP,2020-03-17,2.31,1.71,2.91
SP,2020-03-18,2.04,1.52,2.58
SP,2020-03-19,2.0,1.53,2.46
SP,2020-03-20,1.84,1.43,2.27
SP,2020-03-21,1.77,1.3900000000000001,2.15
SP,2020-03-22,1.61,1.26,1.97
SP,2020-03-23,1.52,1.19,1.85
SP,2020-03-24,1.42,1.11,1.74
SP,2020-03-25,1.43,1.1400000000000001,1.74
SP,2020-03-26,1.31,1.02,1.59
SP,2020-03-27,1.25,0.98,1.54
SP,2020-03-28,1.37,1.11,1.6400000000000001
SP,2020-03-29,1.6,1.35,1.84
SP,2020-03-30,1.8,1.58,2.0300000000000002
SP,2020-03-31,1.92,1.73,2.13
SP,2020-04-01,1.86,1.69,2.05
SP,2020-04-02,1.73,1.57,1.9000000000000001
SP,2020-04-03,1.55,1.4000000000000001,1.71
SP,2020-04-04,1.35,1.21,1.5
SP,2020-04-05,1.26,1.12,1.4000000000000001
SP,2020-04-06,1.23,1.09,1.37
SP,2020-04-07,1.21,1.08,1.35
SP,2020-04-08,1.19,1.06,1.32
SP,2020-04-09,1.17,1.05,1.31
SP,2020-04-10,1.12,0.99,1.24
SP,2020-04-11,1.05,0.92,1.17
SP,2020-04-12,1.02,0.9,1.1500000000000001
SP,2020-04-13,1.0,0.87,1.12
SP,2020-04-14,1.04,0.92,1.17
SP,2020-04-15,1.1500000000000001,1.03,1.28
SP,2020-04-16,1.22,1.1,1.34
SP,2020-04-17,1.27,1.1500000000000001,1.3800000000000001
SP,2020-04-18,1.28,1.17,1.3900000000000001
SP,2020-04-19,1.17,1.06,1.28
SP,2020-04-20,1.09,0.99,1.21
SP,2020-04-21,0.98,0.88,1.1
SP,2020-04-22,0.97,0.86,1.08
SP,2020-04-23,1.03,0.92,1.1400000000000001
SP,2020-04-24,1.1400000000000001,1.03,1.24
SP,2020-04-25,1.29,1.19,1.4000000000000001
SP,2020-04-26,1.45,1.36,1.56
SP,2020-04-27,1.53,1.44,1.62
SP,2020-04-28,1.56,1.47,1.6400000000000001
SP,2020-04-29,1.5,1.41,1.57
SP,2020-04-30,1.46,1.3800000000000001,1.53
TO,2020-03-19,2.0,0.34,6.43
TO,2020-03-20,1.8800000000000001,0.38,5.01
TO,2020-03-21,1.8,0.38,4.45
TO,2020-03-22,1.74,0.4,4.13
TO,2020-03-23,1.69,0.37,3.85
TO,2020-03-24,1.6400000000000001,0.4,3.7
TO,2020-03-25,1.61,0.41000000000000003,3.56
TO,2020-03-26,1.0,0.0,3.35
TO,2020-03-27,1.0,0.0,3.35
TO,2020-03-28,1.0,0.0,3.35
TO,2020-03-29,1.0,0.0,3.35
TO,2020-03-30,1.0,0.0,3.35
TO,2020-03-31,1.0,0.0,3.35
TO,2020-04-01,1.0,0.0,3.35
TO,2020-04-02,1.0,0.0,3.35
TO,2020-04-03,1.0,0.0,3.35
TO,2020-04-04,1.0,0.0,3.35
TO,2020-04-05,1.53,0.0,3.66
TO,2020-04-06,1.47,0.0,3.49
TO,2020-04-07,1.0,0.0,3.09
TO,2020-04-08,1.0,0.0,3.09
TO,2020-04-09,1.0,0.0,3.09
TO,2020-04-10,1.0,0.0,3.09
TO,2020-04-11,1.0,0.0,3.09
TO,2020-04-12,0.53,0.0,2.84
TO,2020-04-13,0.47000000000000003,0.0,2.94
TO,2020-04-14,1.0,0.0,3.35
TO,2020-04-15,1.0,0.0,3.35
TO,2020-04-16,1.0,0.0,3.35
TO,2020-04-17,1.0,0.0,3.35
TO,2020-04-18,1.0,0.0,3.35
TO,2020-04-19,1.0,0.0,3.35
TO,2020-04-20,1.0,0.0,3.35
TO,2020-04-21,1.53,0.0,3.66
TO,2020-04-22,1.8900000000000001,0.01,3.7800000000000002
TO,2020-04-23,2.35,0.33,4.17
TO,2020-04-24,2.22,0.43,3.85
TO,2020-04-25,2.5500000000000003,1.0,3.97
TO,2020-04-26,2.43,1.1300000000000001,3.62
TO,2020-04-27,2.35,1.28,3.39
TO,2020-04-28,2.11,1.18,3.0100000000000002
TO,2020-04-29,1.96,1.1500000000000001,2.7800000000000002
